"Fluorophore","UV1-A","UV2-A","UV3-A","UV4-A","UV5-A","UV6-A","UV7-A","UV8-A","UV9-A","UV10-A","UV11-A","UV12-A","UV13-A","UV14-A","UV15-A","UV16-A","V1-A","V2-A","V3-A","V4-A","V5-A","V6-A","V7-A","V8-A","V9-A","V10-A","V11-A","V12-A","V13-A","V14-A","V15-A","V16-A","B1-A","B2-A","B3-A","B4-A","B5-A","B6-A","B7-A","B8-A","B9-A","B10-A","B11-A","B12-A","B13-A","B14-A","R1-A","R2-A","R3-A","R4-A","R5-A","R6-A","R7-A","R8-A"
"PE-Cy7_DayAfter",-1.06903839111328,-8.11566925048828,-89.6697082519531,-141.055389404297,-179.06982421875,-313.6015625,-451.938110351562,-325.565795898438,-95.4500122070312,-26.2414855957031,10.0224609375,-5.23584747314453,26.5798492431641,838.464660644531,3638.19822692871,2651.74831390381,21.5218505859375,-1.71490478515625,20.3916320800781,27.4782104492188,30.743896484375,5.0589599609375,5.600830078125,306.9208984375,145.032165527344,123.638610839844,35.688720703125,12.2815704345703,97.0232849121094,1974.05868530273,11716.1331176758,6184.98310852051,160.220825195312,75.1727294921875,243.871887207031,1260.25280761719,713.953887939453,463.07177734375,211.668884277344,168.959747314453,192.968383789062,228.005096435547,1887.59461975098,19369.1575012207,44840.3502883911,41572.3415527344,35.5518760681152,28.0601196289062,43.721321105957,39.650691986084,349.486511230469,2421.30847549438,7542.85908508301,3705.54290390015
"BV421_DayAfter",-9.07115173339844,-30.8657836914062,1910.84594726562,1073.79418945312,1364.91662597656,941.921630859375,419.874267578125,69.95556640625,-1.546630859375,14.0885620117188,13.1058959960938,5.3897705078125,13.0026168823242,29.9623413085938,28.4748992919922,17.3206405639648,22919.7692260742,19752.258972168,20864.0524902344,7841.31536865234,3530.57971191406,2222.34143066406,1753.54174804688,747.152465820312,441.809448242188,407.528930664062,187.094421386719,117.185546875,118.111663818359,107.204559326172,114.078948974609,90.4632415771484,308.863159179688,352.185424804688,351.396728515625,168.809387207031,142.926116943359,108.353637695312,80.0467834472656,55.1971435546875,73.2532196044922,33.5515289306641,28.9591674804688,25.9161224365234,35.2892684936523,59.3158416748047,0,2.57151031494141,4.06857681274414,10.2691688537598,13.9383239746094,3.06457901000977,21.2256660461426,2.83739471435547
"BV480_DayAfter",10.5457305908203,57.3582153320312,213.500305175781,308.857177734375,639.589477539062,1879.29296875,3733.55102539062,2024.73303222656,1264.99230957031,450.902770996094,165.522583007812,76.8423461914062,56.6011123657227,80.6163177490234,53.9100189208984,37.7770462036133,95.0275573730469,356.051086425781,2147.8779296875,7919.20404052734,8870.48205566406,7355.13073730469,6950.84326171875,3553.58239746094,2135.16442871094,1882.46899414062,633.291687011719,289.340240478516,244.367767333984,205.654022216797,187.83935546875,110.650772094727,766.626220703125,741.629272460938,566.15869140625,257.595764160156,217.999725341797,183.823608398438,146.429779052734,70.4661560058594,101.212997436523,67.4551544189453,42.3879089355469,21.6712112426758,30.8050765991211,28.8502044677734,19.4585037231445,20.7639122009277,22.3452949523926,21.1338043212891,34.7151641845703,19.050479888916,23.2505493164062,2.44154739379883
"BV711_DayAfter",-29.3137130737305,-30.9918212890625,-92.6171569824219,-226.613464355469,-342.034606933594,-620.375732421875,-923.460388183594,-472.55078125,-282.406799316406,-67.5779418945312,79.8319244384766,1050.42669677734,2928.88066864014,2552.1389465332,2022.9881439209,1349.22341156006,1772.45855712891,1608.59222412109,1651.21423339844,668.352783203125,362.128173828125,270.872009277344,284.096557617188,193.172485351562,138.780395507812,152.528564453125,605.098205566406,6582.57870483398,18164.5650939941,11444.6278991699,9174.72149658203,4194.64326477051,159.778076171875,219.234497070312,278.227722167969,142.912933349609,99.860595703125,84.5965270996094,73.7877044677734,159.102783203125,780.991439819336,1116.36148071289,735.705184936523,552.171752929688,478.90958404541,506.025146484375,66.1059722900391,556.096111297607,2865.38902664185,5009.46070098877,3799.77215576172,2324.29370498657,2808.72981262207,1448.36553573608
"APC-Cy7_DayAfter",-18.1411437988281,-90.830680847168,-316.962371826172,-450.76042175293,-728.624847412109,-1168.31979370117,-1867.88806152344,-1048.7294921875,-654.695007324219,-163.563781738281,201.525970458984,74.5331726074219,130.793327331543,3399.68411254883,16819.4222259521,16137.8286361694,-40.7064514160156,-78.31298828125,-35.5444946289062,2.3076171875,47.7369384765625,55.4390869140625,174.39208984375,230.199951171875,160.341674804688,252.139892578125,908.575988769531,387.382781982422,639.282257080078,6734.41989135742,42301.7161254883,29252.4484405518,82.5992431640625,173.731811523438,308.559326171875,198.836120605469,171.134857177734,154.345306396484,225.116973876953,170.751907348633,159.468612670898,122.337677001953,244.047500610352,1803.03750610352,4600.73749542236,5228.43627929688,3466.91055297852,2566.70151901245,1911.57262039185,2005.65283966064,13338.340637207,92555.4877967834,323301.078567505,196895.602840424
"APC_DayAfter",-14.8597145080566,-33.2626342773438,-200.652099609375,-245.613372802734,-392.342437744141,-637.462036132812,-1000.72229003906,-522.865600585938,-308.783203125,-59.2952728271484,814.931365966797,245.504013061523,206.477439880371,261.313598632812,130.957321166992,90.5224227905273,4.12565612792969,-1.82205200195312,16.7451782226562,49.0476684570312,89.20458984375,68.5784912109375,118.71484375,119.190307617188,98.8905029296875,151.241271972656,2512.89068603516,737.814178466797,707.525665283203,612.172271728516,304.369995117188,160.15446472168,-112.874084472656,-125.977783203125,-85.0283813476562,-3.987060546875,16.8880004882812,44.3264617919922,350.802032470703,220.930740356445,153.703552246094,88.0094604492188,69.8080825805664,45.651123046875,18.710319519043,46.8366775512695,9189.19400024414,7180.94102096558,4691.42442703247,3617.87879180908,3840.56927490234,1976.16565322876,1587.87202453613,962.596523284912
"BV605_DayAfter",24.8522262573242,117.575164794922,281.140380859375,292.516357421875,481.072387695312,831.693115234375,1923.80102539062,1383.44201660156,1270.48474121094,579.710205078125,363.193756103516,247.389770507812,224.260185241699,325.836883544922,370.701217651367,353.506706237793,140.203857421875,331.114624023438,544.350219726562,564.873229980469,1212.10412597656,1367.14685058594,2350.88330078125,2474.07751464844,1948.04089355469,2480.13940429688,1750.25665283203,1196.84530639648,1385.81912231445,1432.9645690918,1527.70782470703,1031.34077453613,1697.71484375,2033.72546386719,2075.03088378906,1098.05145263672,905.700408935547,708.568054199219,582.213165283203,427.309066772461,469.966323852539,364.397613525391,264.82829284668,316.654724121094,305.69605255127,494.131958007812,46.7136001586914,86.9132347106934,150.924533843994,130.909873962402,143.463394165039,142.342304229736,183.850646972656,104.854183197021
"BUV615_DayAfter",71.313346862793,357.857299804688,276.303283691406,223.453979492188,164.192138671875,97.8096923828125,45.466552734375,56.34912109375,2168.21520996094,12268.0495605469,4651.67202758789,2437.86779785156,1377.3021774292,1299.3655090332,830.759323120117,456.684410095215,-13.0649108886719,-54.7337646484375,-93.3929443359375,-116.76416015625,-128.677856445312,-94.9986572265625,-82.70849609375,151.379760742188,1236.34265136719,3883.71362304688,1243.74896240234,625.836456298828,397.628997802734,228.266937255859,165.159423828125,57.1160736083984,148.015014648438,155.937622070312,124.342895507812,100.639221191406,376.873321533203,750.287780761719,394.651763916016,295.768753051758,272.66471862793,117.180770874023,72.1720581054688,54.2161560058594,23.2320327758789,36.8522796630859,46.2472610473633,62.9992408752441,55.9908638000488,19.8083267211914,5.12823486328125,-7.9257698059082,9.01300811767578,-9.0408821105957
"BV785_DayAfter",12.7582931518555,15.8114624023438,59.0249633789062,23.2782592773438,37.3472900390625,-12.6505126953125,9.293212890625,12.914306640625,55.151123046875,25.5443725585938,31.8403015136719,19.6344451904297,101.727638244629,2113.65286254883,7343.06089782715,5901.28615570068,2635.61761474609,2443.34490966797,2604.85473632812,1134.15203857422,737.792846679688,550.526245117188,600.787841796875,447.807495117188,314.999389648438,352.324462890625,230.873718261719,183.978302001953,774.307647705078,10225.1742858887,44919.8801879883,26016.4250030518,113.279418945312,116.716918945312,168.04345703125,113.856567382812,107.269500732422,94.37451171875,93.1375122070312,75.842041015625,81.7689056396484,50.7855529785156,103.830978393555,520.707611083984,1021.04584503174,1097.72106933594,73.1035614013672,114.234310150146,125.86714553833,139.058311462402,419.673004150391,1706.70203018188,4312.87300109863,2449.92827987671
"BUV737_DayAfter",46.8295974731445,181.49365234375,181.985900878906,174.661743164062,196.171752929688,169.85595703125,86.63232421875,-63.03759765625,-92.433349609375,-35.8406066894531,0.540191650390625,216.976837158203,2958.51982879639,6708.02346801758,3532.60118103027,2907.11696624756,-2.2005615234375,-46.9447631835938,-75.266357421875,-53.8370971679688,-99.96435546875,-133.99560546875,-222.20751953125,-276.5810546875,-226.126098632812,-280.528442382812,-180.930938720703,-70.5927734375,514.766082763672,1047.50912475586,548.669860839844,294.609146118164,-186.734069824219,-248.323364257812,-265.147216796875,-128.654235839844,-104.185729980469,-80.3957824707031,-62.6627807617188,-37.3468475341797,68.5050506591797,555.744293212891,1252.86982727051,965.899444580078,589.116157531738,745.41943359375,-1.73320388793945,29.3141975402832,214.987598419189,1127.37671661377,3031.86187744141,1921.78015518188,1642.4400177002,1037.72369003296
"PE-Fire 744_DayAfter",10.2510528564453,-45.8360137939453,-181.984527587891,-249.044067382812,-384.597106933594,-651.192687988281,-900.266357421875,-421.198486328125,52.830810546875,3.4061279296875,8.01852416992188,86.1588134765625,2199.07939910889,14470.1894836426,9745.46617126465,6085.61769866943,-32.1116638183594,-98.2487182617188,-95.304443359375,-95.2993774414062,-22.729248046875,21.5711669921875,128.300048828125,1011.56921386719,474.773559570312,455.224609375,233.605773925781,511.254852294922,9020.66958618164,44980.0317077637,35472.6106567383,14370.8488311768,862.1328125,642.198608398438,1001.28991699219,4116.93939208984,2209.41256713867,1421.04840087891,1040.88735961914,901.71452331543,3837.20686340332,22120.1916809082,103233.577102661,178617.748321533,97503.4362258911,102643.376708984,75.9683227539062,119.763195037842,581.931751251221,3952.60694122314,24766.219543457,32087.8276405334,24775.2504425049,12614.4846763611
"Alexa Fluor 647_DayAfter",2.58110046386719,-48.8638916015625,-279.665794372559,-378.999176025391,-644.727035522461,-1103.52435302734,-1776.57086181641,-960.745910644531,-570.731353759766,-167.085845947266,-56.1635513305664,-7.50690460205078,-24.131462097168,6.97300720214844,41.1186676025391,22.1356811523438,-34.7933044433594,-135.904357910156,-167.702972412109,-134.873413085938,-168.934326171875,-156.058532714844,-190.545532226562,-102.40185546875,-56.4782104492188,-78.44482421875,-15.7261352539062,18.1232147216797,25.8218078613281,46.7079772949219,111.831619262695,68.2437896728516,-9.21954345703125,-10.9673461914062,26.988525390625,85.0150451660156,37.1607666015625,44.5799255371094,26.3248138427734,53.7274932861328,44.162727355957,16.8109512329102,39.6496200561523,186.217498779297,357.417762756348,331.892913818359,806.435546875,1569.45023727417,1316.62785720825,732.625679016113,619.318572998047,427.825107574463,395.42529296875,202.351131439209
"PE-Cy5_DayAfter",-3.57669448852539,-17.9977416992188,-109.735229492188,-137.856292724609,-231.755004882812,-375.388366699219,-612.79833984375,-351.665161132812,-216.039978027344,-68.2743072509766,561.327667236328,360.652313232422,233.28539276123,254.570114135742,130.216125488281,74.3967514038086,-11.9647064208984,-69.56005859375,-102.385192871094,-90.9290466308594,-98.325439453125,-78.9429931640625,-106.544921875,-40.5485229492188,-54.3114624023438,-66.3955688476562,2426.48760986328,1404.71865844727,916.675567626953,754.193878173828,409.561340332031,157.708236694336,41.1883544921875,22.5514526367188,32.23583984375,327.059020996094,156.541839599609,128.995086669922,8719.46035766602,11246.1207733154,7880.30744934082,3836.10025024414,2783.73457336426,2006.97891235352,1187.97327423096,1226.55847167969,2328.34390258789,3892.60898971558,3022.83555984497,1822.47162628174,1577.27496337891,972.77991104126,810.247940063477,424.796123504639
"BUV805_DayAfter",196.239784240723,874.079956054688,770.339233398438,656.948364257812,639.205810546875,663.76513671875,552.280029296875,272.906127929688,187.575927734375,78.4915161132812,29.45068359375,22.9454040527344,30.671760559082,391.434173583984,7575.98374938965,18308.6606674194,32.3868408203125,15.7908325195312,-17.06494140625,-44.6084594726562,7.6943359375,39.27783203125,100.083984375,116.02490234375,101.376708984375,103.115600585938,81.8837890625,70.02978515625,96.466552734375,122.578918457031,973.112731933594,1742.7183380127,330.987915039062,406.802734375,358.8720703125,129.301025390625,90.7201843261719,57.6532592773438,8.72760009765625,17.4909820556641,15.9774169921875,18.0117034912109,17.4053649902344,40.8105163574219,134.247673034668,344.593353271484,-6.39804077148438,-15.556812286377,-4.71438980102539,-7.28781509399414,35.5039520263672,235.660465240479,2403.24629211426,3195.45757675171
"BV750_DayAfter",-3.02307891845703,-34.4823913574219,-38.3922729492188,-54.1862182617188,-60.3545532226562,-96.267333984375,-35.25146484375,7.76416015625,21.19482421875,13.2361450195312,16.883544921875,2.46414184570312,262.503898620605,1943.60696411133,1646.91050720215,1011.09658050537,559.991027832031,517.821472167969,574.584594726562,240.310974121094,172.994384765625,116.9912109375,140.791748046875,89.98828125,63.93798828125,81.6632080078125,28.9286499023438,91.6375427246094,1567.89456176758,8514.64694213867,8031.99053955078,3319.11567687988,-40.4891357421875,-34.7899169921875,8.4085693359375,-1.58050537109375,-7.296630859375,-0.29010009765625,-8.58370971679688,-12.2580108642578,5.80340576171875,38.1425018310547,219.740036010742,450.778045654297,287.610511779785,318.898895263672,-15.2603340148926,-24.5568103790283,-0.968276977539062,74.3985061645508,513.167114257812,780.515140533447,696.67219543457,348.283535003662
"Spark Blue 550_DayAfter",10.176643371582,-8.74696350097656,-34.3106689453125,-10.7139892578125,1.993896484375,-12.2645263671875,777.154296875,3804.62072753906,2941.72180175781,983.084594726562,364.118927001953,174.012512207031,134.005165100098,150.427337646484,125.766525268555,86.0057754516602,9.9019775390625,42.80078125,52.8910522460938,65.3739624023438,611.965698242188,7598.87976074219,29614.9301757812,18095.5662841797,11807.7374267578,10067.9377441406,3704.14068603516,1736.60507202148,1516.73831176758,1176.70639038086,950.296325683594,476.157424926758,3261.13330078125,31084.0179443359,101849.348022461,34555.3768920898,26821.0024108887,16723.5347290039,8688.84219360352,5637.59440612793,5408.76179504395,3176.1018371582,1997.61470031738,1745.3967590332,1349.97553253174,1493.70227050781,-11.7949981689453,-7.13508987426758,-7.55570602416992,-12.2561073303223,-0.920673370361328,9.32574081420898,14.8911247253418,2.96934127807617
"PE-Dazzle 594_DayAfter",3.06080627441406,26.2820587158203,153.682434082031,238.175506591797,410.748474121094,714.174438476562,1307.92944335938,779.166259765625,858.901977539062,1608.89245605469,541.784454345703,285.272598266602,170.527976989746,157.094055175781,112.715225219727,59.9499588012695,54.0117340087891,157.625823974609,274.369873046875,261.810424804688,356.000183105469,290.581298828125,408.124267578125,1211.85595703125,2758.34448242188,8746.31176757812,2385.40545654297,1190.4055480957,755.167755126953,512.13720703125,378.265869140625,149.78498840332,120.174560546875,65.7666015625,142.599670410156,2918.75225830078,7186.32833862305,17544.8745727539,7353.09390258789,5544.65641784668,4891.9185333252,2199.73623657227,1142.70039367676,971.820465087891,634.624946594238,569.85595703125,16.9265594482422,22.8533515930176,16.500186920166,24.3135681152344,10.4539527893066,10.3912658691406,23.2510452270508,6.40052795410156
"BV650_DayAfter",19.7641754150391,37.8464202880859,236.474975585938,343.466552734375,540.890014648438,888.234619140625,1546.39868164062,896.439575195312,670.552368164062,500.986450195312,1431.34292602539,673.258605957031,465.730155944824,427.527801513672,269.479568481445,177.611473083496,823.002990722656,854.080749511719,991.486328125,555.994079589844,450.370483398438,352.238525390625,406.652099609375,321.468383789062,395.134765625,2460.61743164062,7825.54888916016,3399.23739624023,2681.57534790039,1665.36911010742,1116.34149169922,513.224624633789,-11.873779296875,-40.4556884765625,-1.6533203125,35.4857788085938,6.61968994140625,33.6797485351562,147.717376708984,96.7733917236328,82.4481048583984,55.0235443115234,27.6086959838867,36.7896575927734,19.0417327880859,27.6761627197266,871.375152587891,832.682231903076,809.254077911377,547.887275695801,360.170989990234,218.275302886963,216.244125366211,105.052654266357
"BUV496_DayAfter",472.383888244629,2142.7265625,1825.02990722656,1597.35607910156,2277.3662109375,11122.8347167969,60220.8098144531,31584.2540283203,15339.5601806641,3829.92993164062,952.661285400391,382.557708740234,241.010627746582,220.315856933594,171.371932983398,97.7648468017578,37.3031463623047,77.0267639160156,460.729858398438,3338.19915771484,11951.0137939453,9125.70251464844,9516.64697265625,3970.55285644531,2241.15942382812,1744.63598632812,467.211364746094,199.286437988281,160.220611572266,119.028533935547,104.476547241211,65.2462310791016,5005.6787109375,3601.92639160156,2371.6591796875,566.552978515625,402.036315917969,236.914001464844,88.2018737792969,56.4518890380859,49.5515365600586,42.9449768066406,13.5793304443359,27.442741394043,23.2320289611816,33.5488967895508,-3.96542358398438,-17.8068237304688,-4.13303184509277,-6.5254077911377,-0.624530792236328,-1.36511611938477,9.01251029968262,-8.44662857055664
"Alexa Fluor 700_DayAfter",18.3631896972656,41.3785400390625,165.660888671875,262.108947753906,390.042053222656,649.032470703125,1031.2138671875,568.759521484375,369.194580078125,113.751159667969,98.7590026855469,847.694610595703,4223.00347137451,4126.15188598633,2373.2596282959,1715.57125091553,62.1596984863281,131.366638183594,192.625793457031,166.861145019531,215.352905273438,179.316528320312,187.423828125,95.110107421875,37.6166381835938,35.5042724609375,168.566619873047,4081.06307983398,20155.6647033691,14674.8134460449,8400.24395751953,4177.17793273926,121.723571777344,130.189819335938,85.8905639648438,29.7749633789062,17.6025085449219,19.5922088623047,53.1497192382812,146.307479858398,1225.9376373291,2612.1643371582,2107.3345489502,1196.8742980957,875.145484924316,948.659057617188,313.504547119141,4614.17417526245,34624.8382453918,93050.1889724731,95880.301574707,44628.1577186584,45700.7172393799,24778.9280357361
"BV570_DayAfter",-3.39215087890625,-17.6612701416016,828.83447265625,461.012084960938,518.726440429688,280.393188476562,-55.987548828125,2391.50354003906,46747.5357666016,15947.9655761719,4988.11441040039,2295.96350097656,1350.76140594482,1217.44583129883,815.335494995117,479.081321716309,22326.7086791992,20603.335144043,20354.9626464844,7945.42474365234,3408.24328613281,2219.67150878906,7874.85498046875,186275.91784668,97952.4395751953,105586.808837891,29468.9248657227,13053.6036071777,8317.63247680664,5499.18063354492,3760.18585205078,1589.69416809082,163.575927734375,211.572021484375,1004.74035644531,18696.8397827148,11638.1039733887,8791.95758056641,3930.77822875977,2521.55973815918,2229.32649230957,1088.24942016602,585.547744750977,450.927398681641,306.578804016113,309.942901611328,-3.8652229309082,-5.97832107543945,-4.58541870117188,0.729183197021484,-4.73431777954102,-7.52596282958984,9.99219131469727,-10.0964546203613
"Pacific Blue_DayAfter",-5.64133834838867,10.9337615966797,156.063079833984,325.661224365234,592.271911621094,925.838989257812,1422.17163085938,746.878540039062,501.27099609375,171.265777587891,71.8915710449219,44.0420150756836,31.3981552124023,35.1735916137695,40.895866394043,36.9553909301758,701.777130126953,4638.63958740234,8240.53051757812,5299.45428466797,2943.37316894531,1711.12866210938,1529.25183105469,666.874877929688,434.81201171875,419.292053222656,203.170379638672,123.414749145508,120.060455322266,93.7954254150391,120.719848632812,68.2090148925781,-21.3507690429688,-21.1354370117188,7.79827880859375,11.9242553710938,19.5963592529297,32.3758087158203,44.8874969482422,36.8459243774414,41.4123001098633,20.2718124389648,14.4792785644531,14.5220680236816,12.6085433959961,26.0609893798828,9.66268157958984,-0.192962646484375,0.226198196411133,0.729183197021484,10.0268402099609,2.63152694702148,16.4586296081543,5.27895355224609
"FITC_DayAfter",-2.3226203918457,-9.96636199951172,47.6878051757812,87.7940673828125,186.815673828125,340.020568847656,4370.349609375,3308.43054199219,1819.67370605469,505.282470703125,157.466506958008,58.5945663452148,51.6671981811523,59.6956787109375,30.6998291015625,37.104736328125,40.5349273681641,149.587158203125,257.093872070312,283.974792480469,3551.34899902344,6122.43591308594,6616.95703125,3102.89367675781,1786.34924316406,1549.41650390625,542.791076660156,273.785430908203,260.375885009766,210.893798828125,215.456481933594,123.293563842773,112566.69921875,164792.799194336,110062.945678711,23223.6610717773,14466.7983093262,8119.31207275391,2587.8401184082,1426.76457214355,1264.78785705566,654.913360595703,381.675552368164,303.473236083984,232.28670501709,252.645141601562,-2.19899368286133,3.76054000854492,13.1096305847168,5.83001899719238,7.26526260375977,15.7863845825195,15.2830009460449,0.16468620300293
"BUV395_DayAfter",4183.86389923096,16701.7082519531,8278.06201171875,6213.79821777344,5704.57336425781,5619.40478515625,3739.92602539062,1271.55078125,484.718139648438,94.7089233398438,34.654052734375,14.9757766723633,9.17837524414062,17.7400054931641,15.0532760620117,3.32196807861328,71.6490783691406,93.1748962402344,85.3201904296875,68.2756958007812,69.3616333007812,64.6089477539062,91.7552490234375,57.5852661132812,33.56689453125,49.9849853515625,-6.37460327148438,12.4226989746094,4.28031921386719,-6.54959106445312,-10.6244506835938,5.40826416015625,59.921142578125,86.357666015625,86.177734375,36.7068786621094,35.204833984375,27.3778686523438,28.2563781738281,8.53044891357422,32.4440536499023,4.02626037597656,14.067008972168,9.23447799682617,3.16115188598633,-3.63385009765625,1.53230476379395,3.3751106262207,3.45496368408203,-3.44500541687012,1.51247406005859,-8.89155769348145,7.15186309814453,2.96934127807617
"RB705_DayAfter",-4.20372772216797,3.44847106933594,68.6226806640625,125.871276855469,241.187744140625,396.098876953125,804.495849609375,483.851440429688,335.392700195312,130.04541015625,118.572357177734,808.157287597656,1645.92510223389,1348.17971801758,1203.68504333496,828.407493591309,48.6825256347656,79.8132934570312,122.2802734375,86.6293334960938,153.471923828125,130.271240234375,187.818359375,178.554321289062,132.990112304688,130.71826171875,209.018920898438,1802.90487670898,3796.71841430664,2102.60104370117,1935.60015869141,952.246047973633,351.7109375,665.658569335938,541.218139648438,208.389770507812,149.545684814453,99.1549682617188,518.691375732422,4819.03483581543,27277.9600372314,30465.7326965332,15302.7890167236,11728.1262512207,11333.0407180786,11020.0847167969,57.8424377441406,833.96732711792,4157.9920539856,5530.94776153564,3422.40875244141,2233.5068397522,2903.59370422363,1476.41021347046
"BV510_DayAfter",19.1003952026367,-0.756393432617188,82.3017578125,780.121704101562,4594.76501464844,20429.1735839844,114113.116455078,94563.6856689453,77470.7271728516,27715.4987792969,9876.85317993164,4558.66369628906,3260.64336395264,3173.31399536133,2219.90660095215,1523.77394866943,383.275268554688,4809.09197998047,25811.7145996094,63072.6854858398,169153.015258789,171857.758666992,235014.740722656,160785.76159668,105235.423950195,97871.5354003906,32864.3838500977,14698.3614196777,11170.6344299316,7943.80514526367,5827.09600830078,2722.59248352051,636.6064453125,599.781982421875,548.693115234375,220.960693359375,176.927520751953,139.932037353516,74.8244018554688,55.05419921875,59.4618988037109,27.617919921875,23.106803894043,26.0649719238281,10.5134506225586,28.7767639160156,1.99909210205078,-9.83552932739258,-5.87611770629883,-4.10721969604492,4.66789245605469,0.533744812011719,-4.44147872924805,8.38027572631836
"Alexa Fluor 647_Reference",0,0,0,0,0,0,0,0,0,0,0.0033027522935779,0.00290137614678898,0.00180045871559631,0.00169724770642199,0.00090022935779821,0.000602064220183607,9.74770642201417e-05,0.000298165137614603,0,0,0,0,0,0,0,0,0.00529816513761472,0.00490252293577997,0.00270068807339452,0.00209862385321113,0.00090022935779821,0.000200688073394462,0,0,0,0,0,0,0.00470183486238529,0.00599770642201836,0.00409977064220191,0.00180045871559631,0.00119839449541281,0.00090022935779821,0.000498853211009287,0.000498853211009287,0.536800458715596,1,0.713199541284404,0.429300458715596,0.336198394495413,0.215,0.172700688073394,0.0736009174311927
"Alexa Fluor 700_Reference",0,0,0,0,0,0,0,0,0,0,0,0.00520068807339458,0.0359002293577981,0.0334002293577983,0.0177981651376148,0.0136009174311927,0,0,0,0,0,0,0,0,0,0,0,0.0281020642201836,0.182201834862385,0.132798165137615,0.0675000000000001,0.0318004587155963,0,0,0,0,0,0,0,0,0.00749999999999995,0.0218979357798166,0.0136983944954129,0.00830275229357802,0.00580275229357796,0.0059002293577981,0.0022993119266056,0.0390022935779816,0.304598623853211,1,0.863801605504587,0.423801605504587,0.400401376146789,0.202700688073394
"APC_Reference",0,0.000200688073394462,0.000200688073394462,0.000298165137614603,0.000401376146788923,0.000602064220183607,0,0,0,0.000602064220183607,0.0715022935779817,0.0231995412844036,0.018302752293578,0.0208027522935781,0.00880160550458708,0.00689793577981657,0,0,0,0,0,0,0,0,0,0,0.197001146788991,0.0638016055045872,0.0563990825688074,0.0513990825688073,0.0222018348623854,0.0100974770642202,0,0,0,0,0,0,0.024598623853211,0.0140022935779817,0.00720183486238535,0.00509747706422026,0.00409977064220191,0.0025974770642202,0.00150229357798171,0.00169724770642199,1,0.899002293577982,0.438302752293578,0.3675,0.363199541284404,0.19509747706422,0.146301605504587,0.0766972477064221
"APC-Cy7_Reference",0,0,0,0,0,0,0,0,0,0,0.00209862385321113,0.000699541284403749,0.000802752293578068,0.0138990825688073,0.0534002293577983,0.0406995412844038,0,0,0,0,0,0,0,0,0,0,0.0056020642201835,0.00159977064220185,0.00220183486238545,0.0277006880733945,0.133801605504587,0.064197247706422,0,0,0,0,0,0,0.000498853211009287,0.000200688073394462,0,0,0.000997706422018352,0.00610091743119257,0.0129988532110091,0.011697247706422,0.0402981651376146,0.0359002293577981,0.0184977064220183,0.0191972477064221,0.070802752293578,0.357001146788991,1,0.505699541284404
"BUV395_Reference",0.283899082568807,1,0.522098623853211,0.36759747706422,0.338698394495413,0.318199541284404,0.181100917431193,0.0509002293577983,0.015802752293578,0.0106020642201836,0.000298165137614603,0,0,0,0,0,0.00310206422018344,0.00340022935779827,0.00119839449541281,0,0,0,0,0,0,0,0,0,0,0,0,0,0,0,0,0,0,0,0,0,0,0,0,0,0,0,0,0,0,0,0,0,0,0
"BUV496_Reference",0.01,0.0372018348623853,0.0306995412844038,0.0268004587155963,0.0359977064220183,0.19259747706422,1,0.527201834862385,0.244002293577982,0.0602006880733945,0.0163016055045873,0.00639908256880739,0.00409977064220191,0.0033027522935779,0.00200114678899088,0.00130160550458713,0.000298165137614603,0.00110091743119267,0.00799885321100924,0.0572018348623853,0.19,0.142001146788991,0.15259747706422,0.055,0.0304013761467889,0.0236009174311927,0.00500000000000012,0.00159977064220185,0.000699541284403749,0.000200688073394462,0,0,0.0604988532110092,0.0388990825688073,0.0286983944954128,0.00720183486238535,0.00380160550458719,0.00169724770642199,9.74770642201417e-05,0,0,0,0,0,0,9.74770642201417e-05,0,0,0,0,0,0,0,0
"BUV615_Reference",0.00700114678899089,0.026697247706422,0.0227981651376147,0.0193004587155964,0.0191972477064221,0.02,0.0124025229357799,0.00430045871559637,0.211100917431193,1,0.396599770642202,0.211897935779817,0.126100917431193,0.106800458715596,0.0650000000000001,0.035,0.000200688073394462,0.000200688073394462,0,0,0,0,0,0.0120011467889909,0.0884977064220184,0.278698394495413,0.0936983944954128,0.0509977064220184,0.031697247706422,0.0204013761467889,0.0127981651376147,0.00419724770642205,0,0,0,0.00299885321100912,0.0288016055045871,0.0586983944954128,0.0275974770642203,0.0213990825688073,0.0179988532110092,0.00770068807339463,0.00409977064220191,0.00369839449541287,0.00240252293577992,0.00180045871559631,0.00439793577981651,0.00520068807339458,0.00409977064220191,0.0022993119266056,0.00130160550458713,0.000997706422018352,0.000699541284403749,0.000298165137614603
"BUV737_Reference",0.00610091743119257,0.0238990825688074,0.0204013761467889,0.017098623853211,0.0170011467889909,0.0177006880733946,0.0104988532110093,0.00279816513761466,0.000401376146788923,0.000298165137614603,0.00130160550458713,0.0247993119266056,0.404397935779817,1,0.505498853211009,0.397098623853211,0.000298165137614603,0.000298165137614603,0,0,0,0,0,0,0,0,0,0.00520068807339458,0.101897935779817,0.214099770642202,0.111502293577982,0.056198394495413,0,0,0,0,0,0,0,0.000997706422018352,0.0159977064220183,0.116800458715596,0.185200688073395,0.152700688073395,0.0888990825688074,0.107901376146789,0.000200688073394462,0.00400229357798165,0.0313016055045872,0.219598623853211,0.507299311926605,0.336100917431193,0.268302752293578,0.153102064220183
"BUV805_Reference",0.0161009174311926,0.065802752293578,0.0572993119266054,0.0479988532110093,0.0477006880733946,0.0500974770642202,0.0334977064220184,0.0109977064220184,0.00619839449541293,0.00400229357798165,0.00110091743119267,0.000498853211009287,0.00130160550458713,0.0238016055045872,0.359598623853211,1,0.00130160550458713,0.00200114678899088,0.000997706422018352,0,0,0,0,0,0,0,0,0,0,0.000997706422018352,0.0422018348623854,0.0865022935779817,0,0,0,0,0,0,0,0,0,0,0,0.00119839449541281,0.00959862385321109,0.0306020642201836,0,0,9.74770642201417e-05,0.000498853211009287,0.00189793577981656,0.0109977064220184,0.0963016055045872,0.173302752293578
"BV421_Reference",0.00220183486238545,0.000401376146788923,0.110900229357798,0.0731020642201835,0.101697247706422,0.0820986238532111,0.0556995412844037,0.0175,0.00569954128440364,0.00220183486238545,9.74770642201417e-05,0,0,0,0,0,1,0.903698394495413,0.9175,0.36509747706422,0.152901376146789,0.0940997706422019,0.070401376146789,0.0177006880733946,0.00810206422018356,0.0056020642201835,0.000699541284403749,9.74770642201417e-05,0,0,0,9.74770642201417e-05,0,0,0,0,0,0,0,0,0,0,0,0,0,0,0,0,0,0,0,0,0,0
"BV480_Reference",0.000200688073394462,0,0,0.000498853211009287,0.0138016055045872,0.15,0.302998853211009,0.150298165137615,0.0775000000000001,0.0206020642201836,0.00580275229357796,0.00240252293577992,0.00150229357798171,0.00119839449541281,0.000699541284403749,0.000401376146788923,0,0.00889908256880734,0.198497706422018,0.905498853211009,1,0.804197247706422,0.763497706422018,0.319501146788991,0.184002293577982,0.160498853211009,0.039598623853211,0.0161009174311926,0.0109002293577982,0.00689793577981657,0.00409977064220191,0.00169724770642199,0.077901376146789,0.0584977064220183,0.0393004587155964,0.0127006880733945,0.00720183486238535,0.00450114678899083,0.00150229357798171,0.00090022935779821,0.000498853211009287,0.000298165137614603,9.74770642201417e-05,9.74770642201417e-05,0,0,0,0,0,0,0,0,0,0
"BV510_Reference",0.000298165137614603,0,0.000200688073394462,0.00209862385321113,0.0138990825688073,0.0749025229357799,0.416198394495413,0.363199541284404,0.28740252293578,0.100298165137615,0.0406020642201835,0.0188016055045871,0.0138016055045872,0.0122018348623854,0.0084977064220183,0.00599770642201836,0.000699541284403749,0.0177006880733946,0.0979988532110092,0.249197247706422,0.703698394495413,0.700298165137615,1,0.663801605504587,0.440200688073395,0.423801605504587,0.149799311926605,0.0699025229357798,0.0554988532110092,0.0386009174311926,0.0261983944954129,0.0111009174311927,0,0,0,0,0,0,0,0,0,0,0,0,0,0,0,0,0,0,0,0,0,0
"BV570_Reference",0,0,0.00529816513761472,0.00270068807339452,0.00319954128440358,0,0,0.0079013761467891,0.244501146788991,0.0845986238532112,0.0290022935779816,0.0136009174311927,0.00810206422018356,0.00650229357798171,0.00389908256880733,0.0025974770642202,0.128497706422018,0.122700688073395,0.115298165137615,0.0463016055045873,0.0143004587155964,0.00700114678899089,0.0279013761467891,1,0.526399082568807,0.576100917431193,0.173899082568807,0.0806020642201836,0.0525,0.0338016055045872,0.0209977064220184,0.0079013761467891,0,0,0.00090022935779821,0.0959977064220184,0.0525974770642202,0.0443979357798164,0.0190022935779816,0.0127981651376147,0.0109002293577982,0.00470183486238529,0.00250000000000006,0.0022993119266056,0.00139908256880739,0.00110091743119267,0,0,0,0,0,0,0,0
"BV605_Reference",0,0,0.00220183486238545,0.00139908256880739,0.00189793577981656,0.00119839449541281,0,0,0.0893004587155964,0.206301605504587,0.113400229357798,0.0465022935779817,0.0365997706422019,0.0331995412844036,0.0193004587155964,0.0131020642201835,0.0508027522935781,0.0488016055045871,0.0459002293577981,0.0184002293577982,0.00610091743119257,0.00290137614678898,0.00110091743119267,0.156399082568807,0.68740252293578,1,0.468801605504587,0.192201834862385,0.163899082568807,0.114598623853211,0.0677006880733946,0.0293004587155964,0,0,0,0.00659977064220185,0.0415997706422018,0.0402981651376146,0.0315997706422018,0.0195986238532111,0.0152006880733946,0.00880160550458708,0.00540137614678904,0.00430045871559637,0.00290137614678898,0.00279816513761466,0.000997706422018352,0.000997706422018352,0.000602064220183607,0.000401376146788923,0.000298165137614603,0.000200688073394462,0,0
"BV650_Reference",0,0,0.00299885321100912,0.00189793577981656,0.00250000000000006,0.00130160550458713,0,0,0,0.0450974770642202,0.186897935779817,0.0849025229357799,0.0634977064220185,0.0490022935779816,0.0277006880733945,0.0168979357798166,0.0684002293577982,0.0652981651376147,0.0624025229357799,0.0247993119266056,0.00830275229357802,0.00389908256880733,0.000802752293578068,0.000498853211009287,0.0152981651376147,0.201502293577982,1,0.458199541284404,0.366697247706422,0.222098623853211,0.128497706422018,0.0493004587155964,0,0,0,0,0,0.00159977064220185,0.0118004587155963,0.00759747706422031,0.00680045871559642,0.00360091743119273,0.00180045871559631,0.00139908256880739,0.00090022935779821,0.000699541284403749,0.133497706422018,0.12740252293578,0.101599770642202,0.0740022935779817,0.0449025229357799,0.0270011467889908,0.0243004587155963,0.0100974770642202
"BV711_Reference",0,0,0.0022993119266056,0.00139908256880739,0.00180045871559631,0.000602064220183607,0,0,0,0,0.00220183486238545,0.0409977064220184,0.15490252293578,0.129197247706422,0.0947993119266056,0.0625,0.0638990825688074,0.0611009174311927,0.0577006880733946,0.0231995412844036,0.00770068807339463,0.00369839449541287,0.000997706422018352,0,0,0,0.0161983944954129,0.289197247706422,1,0.641502293577982,0.464300458715596,0.196697247706422,0,0,0,0,0,0,0,0.00400229357798165,0.0352981651376147,0.0572993119266054,0.0313990825688073,0.025,0.0215022935779816,0.0200974770642202,0.00200114678899088,0.0231020642201835,0.14509747706422,0.316502293577982,0.217001146788991,0.13240252293578,0.151198394495413,0.070401376146789
"BV750_Reference",0,0,0.00180045871559631,0.00110091743119267,0.00150229357798171,0.000602064220183607,0,0,0,0,0,0.000602064220183607,0.0243979357798165,0.207998853211009,0.17240252293578,0.0999025229357798,0.0484977064220183,0.0463016055045873,0.0436983944954129,0.0172018348623854,0.00520068807339458,0.00200114678899088,0,0,0,0,0,0.00549885321100918,0.165498853211009,1,0.938698394495413,0.34990252293578,0,0,0,0,0,0,0,0,0,0.00709862385321103,0.0270011467889908,0.0468979357798165,0.0315022935779816,0.028302752293578,0,0,0.00090022935779821,0.0113016055045871,0.0640022935779817,0.0981020642201835,0.0895011467889909,0.0377981651376148
"BV785_Reference",0,0,0.00209862385321113,0.00139908256880739,0.00209862385321113,0.00150229357798171,0.000200688073394462,0,0,0,0,9.74770642201417e-05,0.00159977064220185,0.0463990825688074,0.165298165137615,0.139501146788991,0.0511983944954129,0.0486983944954128,0.046697247706422,0.0190997706422019,0.00700114678899089,0.00380160550458719,0.00189793577981656,0,0,0,0.00119839449541281,0.00180045871559631,0.0134977064220184,0.226897935779817,1,0.560699541284404,0,0,0,0,0,0,0,0,0,9.74770642201417e-05,0.00180045871559631,0.00939793577981662,0.0206020642201836,0.0224025229357798,9.74770642201417e-05,0.000498853211009287,0.000498853211009287,0.00090022935779821,0.00810206422018356,0.0354988532110092,0.0945011467889908,0.0543979357798164
"FITC_Reference",0,0.000200688073394462,0.000699541284403749,0.00090022935779821,0.00189793577981656,0.00220183486238545,0.0345011467889909,0.0284002293577982,0.0115997706422019,0.0022993119266056,9.74770642201417e-05,0,0,0,0,0,0,0,0,0,0.0359002293577981,0.0565022935779818,0.0599025229357798,0.0199025229357799,0.00930045871559637,0.00540137614678904,0,0,0,0,0,0,0.833801605504587,1,0.734002293577982,0.209002293577982,0.108400229357798,0.059598623853211,0.0204988532110093,0.0122018348623854,0.00930045871559637,0.00419724770642205,0.00209862385321113,0.00169724770642199,0.00119839449541281,0.000802752293578068,0,0,0,0,0,0,0,0
"Pacific Blue_Reference",0,0,0.00110091743119267,0.0118979357798166,0.0275,0.0352006880733946,0.0211009174311927,0.00360091743119273,0,0,0,0,0,0,0,0,0.0693004587155964,0.578801605504587,1,0.662201834862385,0.333600917431193,0.184397935779816,0.153199541284404,0.0359002293577981,0.0168004587155963,0.00900229357798166,0,0,0,0,0,0,0,0,0,0,0,0,0,0,0,0,0,0,0,0,0,0,0,0,0,0,0,0
"PE-Cy5_Reference",0,0,0,0.000154816513761591,0.000154816513761591,0.000154816513761591,0,0,0.00169724770642199,0.000464449541284551,0.0474426605504588,0.0353899082568807,0.0216341743119266,0.0222534403669725,0.0112786697247708,0.00680045871559642,0,0,0,0,0,0,0,0.00509747706422026,0.00169724770642199,0.00154816513761469,0.189925458715596,0.14279243119266,0.0905561926605505,0.0740252293577981,0.0378612385321101,0.0143692660550458,0.000464449541284551,0,0.00154816513761469,0.0316800458715597,0.0137557339449541,0.0112786697247708,0.852264908256881,1,0.715498853211009,0.327614678899083,0.22716743119266,0.183279816513761,0.105550458715596,0.0958142201834863,0.232884174311927,0.414466743119266,0.28079128440367,0.169369266055046,0.13661123853211,0.0848394495412843,0.0670699541284404,0.0292087155963302
"PE-Cy7_Reference",0,0,0,0.000177752293577971,0.000177752293577971,0.000177752293577971,0,0,0.000355504587156052,0,0,0,0.000355504587156052,0.0204013761467889,0.0864334862385322,0.060487385321101,0,0,0,0,0,0,0,0.00125000000000008,0,0,0,0,0.00125000000000008,0.0510034403669726,0.281135321100917,0.128669724770642,0.000355504587156052,0,0.00161123853211009,0.0170011467889909,0.00751720183486237,0.00501146788990825,0.00250573394495424,0.00196674311926615,0.00215022935779818,0.00787270642201843,0.0644266055045872,0.442196100917431,1,0.858807339449541,0.000177752293577971,0.000355504587156052,0.000177752293577971,0.000716743119266061,0.00948394495412841,0.060487385321101,0.178417431192661,0.08375
"PE-Dazzle 594_Reference",0,0.000177752293577971,0.000355504587156052,0.00053899082568809,0.000716743119266061,0.00107224770642211,0,0,0.0222190366972477,0.0867201834862386,0.0297419724770643,0.0161238532110093,0.0087786697247707,0.00734518348623858,0.00465596330275231,0.00250573394495424,0,0,0,0,0,0,0,0.0451548165137615,0.119334862385321,0.386846330275229,0.107505733944954,0.0578727064220185,0.0342259174311926,0.0218577981651377,0.0139736238532111,0.00447821100917434,0.00107224770642211,0,0.00501720183486243,0.158755733944954,0.462104357798165,1,0.390252293577982,0.310338302752294,0.261961009174312,0.103744266055046,0.0560837155963303,0.052322247706422,0.0344036697247706,0.026519495412844,0.000894495412844032,0.00107224770642211,0.000894495412844032,0.000355504587156052,0.000177752293577971,0,0,0
"PE-Fire 744_Reference",0,0,0.000315366972477138,0.000315366972477138,0.000315366972477138,0.000154816513761591,0,0,0.00110091743119267,0,0.000154816513761591,0.000470183486238507,0.0110149082568807,0.0775630733944955,0.0555389908256881,0.0309919724770642,0,0,0,0,0,0,0,0.00314793577981654,0.00110091743119267,0.000946100917431192,0.000630733944954165,0.002362385321101,0.0500286697247706,0.256450688073394,0.207207568807339,0.074415137614679,0.00126146788990822,0.000470183486238507,0.00267201834862385,0.019506880733945,0.00896788990825681,0.00613532110091741,0.00408830275229355,0.00408830275229355,0.0229701834862386,0.199495412844037,0.645057339449541,1,0.587316513761468,0.532723623853211,0.000315366972477138,0.000630733944954165,0.00314793577981654,0.0319380733944954,0.154655963302752,0.206731651376147,0.166771788990826,0.070487385321101
"RB705_Reference",0,0,0,0,0,0,0,0.000200688073394462,0,0,0.00130160550458713,0.0220011467889909,0.0593979357798166,0.045,0.036697247706422,0.025,0,0,0,0,0,0,0,0,0,0,0.00290137614678898,0.0590022935779816,0.150699541284404,0.0822993119266056,0.0668979357798165,0.0290997706422019,0.00630160550458725,0.0111983944954128,0.00979931192660555,0.00430045871559637,0.0025974770642202,0.00159977064220185,0.0184002293577982,0.157998853211009,0.945,1,0.475401376146789,0.415401376146789,0.383698394495413,0.356697247706422,0.00180045871559631,0.025,0.146198394495413,0.234002293577982,0.134300458715596,0.0865997706422019,0.10759747706422,0.0509977064220184
"Spark Blue 550_Reference",0,0.000200688073394462,0.00130160550458713,0.00139908256880739,0.00189793577981656,0.00290137614678898,0.00720183486238535,0.0406995412844038,0.0275974770642203,0.0084977064220183,0.00310206422018344,0.00150229357798171,0.00110091743119267,0.00090022935779821,0.000802752293578068,0.000200688073394462,0,0,0,0,0.00310206422018344,0.0788990825688074,0.326100917431193,0.189501146788991,0.126800458715596,0.110401376146789,0.0372993119266055,0.0179013761467891,0.0150000000000001,0.0113016055045871,0.00770068807339463,0.00319954128440358,0.0390022935779816,0.372098623853211,1,0.397998853211009,0.275602064220184,0.171502293577982,0.0959002293577982,0.0665997706422019,0.0606995412844037,0.0343004587155963,0.0213990825688073,0.0199025229357799,0.0150000000000001,0.0152006880733946,0,0,0,0,0,0,0,0
