"name","Fluorophore","Antigen","Type","Detector","Negative","UV1-A","UV2-A","UV3-A","UV4-A","UV5-A","UV6-A","UV7-A","UV8-A","UV9-A","UV10-A","UV11-A","UV12-A","UV13-A","UV14-A","UV15-A","UV16-A","V1-A","V2-A","V3-A","V4-A","V5-A","V6-A","V7-A","V8-A","V9-A","V10-A","V11-A","V12-A","V13-A","V14-A","V15-A","V16-A","B1-A","B2-A","B3-A","B4-A","B5-A","B6-A","B7-A","B8-A","B9-A","B10-A","B11-A","B12-A","B13-A","B14-A","R1-A","R2-A","R3-A","R4-A","R5-A","R6-A","R7-A","R8-A"
"2026_07_27 EnrichedT Single Colors (27C)-Reference Group-CD107a PE-Cy7 (Cells).fcs","PE-Cy7","CD107a","Cells","B13","CellsUnstained",4.92806243896484,61.3556518554688,62.1903076171875,85.5225830078125,136.96044921875,165.121826171875,255.61669921875,79.5660400390625,225.72216796875,91.0276489257812,46.2401733398438,19.8638305664062,9.02356719970703,816.897888183594,3625.7300567627,2723.60227966309,6.75323486328125,32.0912475585938,-36.6527099609375,-17.1277465820312,-91.3887939453125,-106.458374023438,-219.559936523438,138.967895507812,-34.8919677734375,-9.768310546875,-31.156005859375,-10.7289733886719,52.9990844726562,1875.08953857422,11506.4797363281,6120.26754760742,47.3494873046875,-68.484375,62.3157958984375,1251.07263183594,690.490386962891,432.558258056641,214.074981689453,115.356414794922,117.221069335938,207.784042358398,1876.06151580811,19094.5104827881,45656.4766464233,42308.3348693848,20.1041374206543,21.8035278320312,40.3842887878418,43.5101165771484,338.215381622314,2430.83772277832,7362.29741287231,3761.8657875061
"2026_07_27 EnrichedT Single Colors (27C)-Reference Group-CD127 BV421 (Cells).fcs","BV421","CD127","Cells","V1","CellsUnstained",4.11944580078125,26.05517578125,2540.75500488281,1636.56018066406,2180.8701171875,1999.58703613281,1939.427734375,879.68115234375,515.184814453125,168.973327636719,69.1283264160156,46.1942443847656,35.4082183837891,55.7117919921875,64.2760162353516,54.74658203125,28159.8974609375,24144.9961547852,25474.0393676758,9661.66180419922,4438.4990234375,2787.27136230469,2229.74755859375,944.781494140625,529.08447265625,488.60205078125,228.633361816406,129.801696777344,147.556213378906,126.166839599609,140.903686523438,90.7334594726562,271.408569335938,291.728393554688,312.728637695312,165.679321289062,136.954803466797,116.198394775391,100.740997314453,69.4000549316406,79.4023742675781,45.0044555664062,34.7986526489258,46.8486328125,39.7758865356445,52.3459014892578,4.3652229309082,3.37905502319336,17.9847679138184,26.2498779296875,19.0864219665527,21.0395736694336,26.1572303771973,15.3636054992676
"2026_07_27 EnrichedT Single Colors (27C)-Reference Group-CD14 BV480 (Cells).fcs","BV480","CD14","Cells","V5","CellsUnstained",28.2467041015625,109.724853515625,220.350158691406,288.040863037109,643.356079101562,1815.95581054688,3504.72338867188,1966.07836914062,1266.99792480469,427.695373535156,124.616317749023,99.6630249023438,73.2643814086914,87.0542678833008,90.7428588867188,50.830078125,118.291351318359,311.988433837891,1870.66546630859,6499.87445068359,7425.9716796875,6199.60021972656,6088.62158203125,3101.490234375,1867.20239257812,1665.58715820312,604.923950195312,268.450805664062,218.645751953125,179.209045410156,165.668212890625,75.4751434326172,746.851440429688,656.77001953125,501.076965332031,233.718597412109,194.226165771484,141.626113891602,192.896392822266,110.481231689453,116.354415893555,62.8791732788086,32.5863647460938,58.0206298828125,28.0858039855957,41.7003173828125,37.1998825073242,34.0435752868652,23.8080215454102,30.5814933776855,59.8327713012695,44.7842636108398,19.7797584533691,33.1475105285645
"2026_07_27 EnrichedT Single Colors (27C)-Reference Group-CD183 BV711 (Cells).fcs","BV711","CD183","Cells","V13","CellsUnstained",-4.04598999023438,-4.37046813964844,27.0527954101562,-8.01263427734375,-40.7200927734375,-97.098876953125,-73.329833984375,-27.2901611328125,16.1671142578125,18.0357055664062,87.9328308105469,1018.26002502441,2846.23291015625,2483.95062255859,1991.83088684082,1305.41355895996,1703.63232421875,1543.01300048828,1605.53424072266,638.008972167969,347.969848632812,259.594970703125,274.413818359375,160.613403320312,124.585571289062,126.698486328125,554.755920410156,5984.84707641602,16601.8984985352,10706.8612670898,8585.83911132812,3927.77096557617,148.021240234375,155.05078125,178.681762695312,103.244995117188,98.8244323730469,55.1283569335938,53.5901184082031,146.830749511719,749.581024169922,1078.48094177246,723.875785827637,523.001266479492,446.500511169434,470.596893310547,67.1249809265137,551.267913818359,2844.89827346802,4980.93746948242,3816.45094680786,2320.5581817627,2784.41313552856,1428.99786758423
"2026_07_27 EnrichedT Single Colors (27C)-Reference Group-CD184 APC-Cy7 (Cells).fcs","APC-Cy7","CD184","Cells","R7","CellsUnstained",-23.1706962585449,-58.4137268066406,-261.458038330078,-382.578002929688,-631.393844604492,-1125.4665222168,-1749.11724853516,-907.356140136719,-536.572662353516,-144.435089111328,25.7788391113281,1.50151824951172,37.6643753051758,810.384155273438,3493.2105255127,3128.04808044434,-51.7782135009766,-177.353652954102,-203.026550292969,-201.644378662109,-226.423706054688,-193.895629882812,-282.916687011719,-234.961486816406,-136.579742431641,-130.520660400391,162.332855224609,62.3226623535156,158.272979736328,1530.46868896484,8535.87231445312,5393.26950073242,-127.701538085938,-116.415802001953,-86.3211059570312,-32.6900939941406,1.09030151367188,10.5036926269531,11.4836120605469,43.7335586547852,36.6879730224609,30.1678314208984,62.9602584838867,436.715835571289,965.898094177246,1042.21401977539,1017.85287094116,737.424682617188,537.830646514893,580.716094970703,3020.28993606567,20430.1546173096,66428.2124519348,37876.3435707092
"2026_07_27 EnrichedT Single Colors (27C)-Reference Group-CD186 APC (Cells).fcs","APC","CD186","Cells","R1","CellsUnstained",-6.84085845947266,7.48054504394531,-7.40582275390625,-0.92431640625,-20.0150146484375,-28.2652587890625,14.9345703125,7.22637939453125,61.458740234375,56.1954956054688,1162.62506103516,376.746780395508,325.981430053711,388.448150634766,183.302581787109,138.097045898438,38.7481536865234,77.1468200683594,137.901916503906,161.877014160156,204.777465820312,168.151184082031,238.342163085938,191.10693359375,128.771606445312,214.290100097656,3457.53240966797,997.857757568359,936.264831542969,839.827941894531,434.908813476562,217.754287719727,-66.7820434570312,-102.508239746094,-49.9166259765625,14.5137329101562,15.7562255859375,34.5549011230469,505.709442138672,302.014404296875,182.57341003418,128.831649780273,111.671119689941,61.6701431274414,42.1281585693359,44.2331390380859,13949.3330345154,10179.0359802246,6438.82893753052,5074.4860534668,5389.58815383911,2763.3257598877,2244.42876052856,1334.16479873657
"2026_07_27 EnrichedT Single Colors (27C)-Reference Group-CD192 BV605 (Cells).fcs","BV605","CD192","Cells","V10","CellsUnstained",3.53060150146484,27.9042053222656,185.702972412109,200.130554199219,308.161987304688,460.236206054688,785.200927734375,462.326416015625,3301.0087890625,8002.70343017578,4015.85681152344,1635.09718322754,1263.66247558594,1216.72515869141,821.805374145508,540.155532836914,2623.974609375,2463.57208251953,2588.43780517578,1129.22186279297,755.65234375,563.710815429688,642.813232421875,6956.23266601562,28708.5107421875,40782.0324707031,19397.5787963867,7235.51358032227,6061.28839111328,4330.73919677734,2815.21435546875,1354.52194213867,160.853332519531,158.863708496094,182.562622070312,553.007263183594,1798.68960571289,1946.44192504883,1370.34573364258,817.463745117188,692.137878417969,409.419937133789,266.653739929199,195.399215698242,140.648124694824,152.999053955078,47.3181686401367,37.2948837280273,41.3124618530273,48.4644889831543,33.7763061523438,29.7792930603027,31.6929550170898,14.9389839172363
"2026_07_27 EnrichedT Single Colors (27C)-Reference Group-CD194 BUV615 (Cells).fcs","BUV615","CD194","Cells","UV10","CellsUnstained",89.7407913208008,499.374145507812,468.924591064453,405.114196777344,388.873840332031,422.368286132812,309.557495117188,169.240356445312,2761.53564453125,15985.5545043945,6045.01745605469,3181.77284240723,1779.76513671875,1693.72137451172,1154.15992736816,597.512985229492,-7.57266235351562,-5.03045654296875,-64.6334228515625,-103.388366699219,-157.493286132812,-114.156677246094,-118.994323730469,170.483825683594,1543.39208984375,4808.130859375,1604.94366455078,779.119598388672,492.3232421875,313.300384521484,208.255950927734,67.6919555664062,-26.3657836914062,-26.6168212890625,-12.864990234375,71.3444213867188,454.561431884766,975.194671630859,508.320983886719,361.771575927734,340.738708496094,139.358093261719,87.1848068237305,68.001220703125,36.5037841796875,28.4858474731445,93.875904083252,96.1063766479492,93.025074005127,66.5437545776367,18.565544128418,21.6993408203125,2.07149887084961,1.01291656494141
"2026_07_27 EnrichedT Single Colors (27C)-Reference Group-CD195 BV785 (Cells).fcs","BV785","CD195","Cells","V15","CellsUnstained",1.61820983886719,14.9603881835938,176.82470703125,189.92138671875,303.675537109375,482.023315429688,801.325439453125,446.336669921875,310.42578125,123.459167480469,49.9393310546875,21.7882690429688,138.72802734375,2499.27703857422,8692.01057434082,7055.96189880371,3105.94165039062,2881.78863525391,3059.26422119141,1337.03802490234,831.679931640625,606.279174804688,646.085693359375,424.164306640625,282.72705078125,348.951293945312,216.906433105469,149.587982177734,855.836242675781,11879.3241577148,52475.9738769531,30150.1962585449,-2.13818359375,-8.3519287109375,40.4654541015625,47.1316528320312,52.2705383300781,61.5765075683594,77.1304016113281,51.6914215087891,41.2835540771484,41.6132965087891,104.24649810791,604.482528686523,1201.42635345459,1293.29763793945,9.19280624389648,21.6755447387695,35.968189239502,46.0689010620117,390.784381866455,1947.57148742676,5159.88920974731,2881.27032852173
"2026_07_27 EnrichedT Single Colors (27C)-Reference Group-CD196 BUV737 (Cells).fcs","BUV737","CD196","Cells","UV14","CellsUnstained",74.6614074707031,407.340698242188,492.576599121094,480.466064453125,556.2412109375,684.550903320312,759.362548828125,354.162841796875,175.364685058594,79.0681762695312,51.4417877197266,463.475723266602,5950.99487304688,13409.1473999023,6872.9185333252,5829.57371520996,14.1890869140625,-0.850372314453125,-9.33871459960938,-1.62973022460938,-43.8579711914062,-87.8212280273438,-218.528686523438,-268.6279296875,-218.991546630859,-270.101226806641,-192.10075378418,-21.5985107421875,1120.45104980469,2243.10565185547,1162.3056640625,649.439880371094,-109.521606445312,-155.269226074219,-182.742034912109,-95.520263671875,-89.6106719970703,-58.4982147216797,-61.7828063964844,-20.9349060058594,184.682876586914,1118.75175476074,2492.31481170654,1932.4285736084,1178.0099105835,1543.71926879883,3.80270195007324,65.4416198730469,475.525653839111,2342.32064819336,6284.73073196411,3840.39973449707,3328.54094314575,2142.22162246704
"2026_07_27 EnrichedT Single Colors (27C)-Reference Group-CD197 PE-Fire744 (Cells).fcs","PE-Fire 744","CD197","Cells","B12","CellsUnstained",3.67793273925781,-15.3810882568359,-76.5489196777344,-102.934875488281,-178.294860839844,-313.199462890625,-417.017578125,-173.7373046875,192.923706054688,46.5202026367188,40.1512451171875,89.5390167236328,2040.8564453125,13289.3695678711,9086.12287902832,5678.20018005371,-22.7848510742188,-33.0130004882812,-55.8204956054688,-42.576171875,19.0689697265625,45.564453125,154.317138671875,1003.08935546875,456.415283203125,428.86328125,220.791687011719,474.613372802734,8213.21588134766,41210.2841186523,32671.9934082031,13214.1650085449,815.404052734375,583.819702148438,925.750732421875,3927.59130859375,2108.32290649414,1361.28140258789,1015.71231079102,847.862823486328,3614.78817749023,20028.6630706787,95341.5331954956,164627.340560913,90201.4922714233,95661.9051818848,97.4806327819824,132.540969848633,564.16695022583,3713.5221862793,23081.4875679016,29959.8880157471,23322.4429206848,11878.1306800842
"2026_07_27 EnrichedT Single Colors (27C)-Reference Group-CD223 AF 647 (Cells).fcs","Alexa Fluor 647","CD223","Cells","R2","CellsUnstained",-19.4195289611816,-43.411262512207,-69.1054534912109,-115.378204345703,-87.4990844726562,-82.676513671875,-181.365478515625,-210.214904785156,-185.032897949219,-50.5445556640625,-5.62620544433594,-3.34883117675781,-8.22160720825195,-23.8321228027344,37.32763671875,-10.9643173217773,-14.0531005859375,-59.2599182128906,-126.668151855469,-115.418792724609,-178.01025390625,-170.033447265625,-242.683166503906,-199.708312988281,-138.47900390625,-184.455993652344,-40.973876953125,-31.6659240722656,-26.3955688476562,-39.6876831054688,-39.2856140136719,-42.4996871948242,-81.4959411621094,-90.9244995117188,-81.5779724121094,-64.1949157714844,-11.6196136474609,-24.2330017089844,24.9345550537109,10.1808395385742,32.8077926635742,-10.1736488342285,-29.8110847473145,-28.0041007995605,8.6390266418457,-15.0500030517578,997.550075531006,1854.91000366211,1561.20308303833,904.772369384766,749.617237091064,476.702682495117,425.77095413208,217.68062210083
"2026_07_27 EnrichedT Single Colors (27C)-Reference Group-CD25 PE-Cy5 (Cells).fcs","PE-Cy5","CD25","Cells","B8","CellsUnstained",2.68527603149414,28.9962615966797,89.3187255859375,138.184326171875,225.724426269531,368.651977539062,694.97802734375,336.097045898438,277.782531738281,98.5352172851562,1022.44091796875,665.340957641602,440.620178222656,488.337890625,307.852264404297,190.754516601562,26.059326171875,22.0316162109375,6.49444580078125,-16.0528564453125,-76.4159545898438,-74.1304931640625,-120.13232421875,73.7499389648438,5.2060546875,9.732666015625,4339.24530029297,2410.72354125977,1612.11907958984,1370.35235595703,761.123352050781,345.867248535156,50.7783203125,20.189453125,55.9189453125,597.767822265625,305.008514404297,216.641418457031,15830.466217041,19339.6352233887,13518.9402770996,6528.25486755371,4724.50121307373,3375.63389587402,2023.1110458374,2109.86672973633,4416.16262435913,6687.18637084961,4995.32356643677,3040.3737487793,2643.77150344849,1556.81135559082,1277.2494392395,703.61307144165
"2026_07_27 EnrichedT Single Colors (27C)-Reference Group-CD27 BUV805 (Cells).fcs","BUV805","CD27","Cells","UV16","CellsUnstained",286.067123413086,1332.50457763672,1331.85083007812,1246.39245605469,1397.21728515625,1749.70642089844,2046.619140625,1059.33813476562,660.302734375,222.072143554688,80.3802490234375,49.6585083007812,47.6443481445312,580.947631835938,11076.5437774658,26972.7387542725,57.7818298339844,107.113464355469,103.707580566406,47.9146728515625,69.21240234375,82.8387451171875,114.332275390625,72.6922607421875,71.6844482421875,60.02197265625,52.4566040039062,41.8038024902344,58.650634765625,102.122589111328,1322.44860839844,2428.85372924805,267.573364257812,316.347534179688,294.40087890625,89.521484375,64.8299865722656,46.1461181640625,-2.86224365234375,8.89013671875,-5.95137023925781,10.81005859375,13.3500900268555,20.4079742431641,181.452842712402,460.392181396484,1.6538200378418,-3.63400650024414,0.255958557128906,14.7662124633789,57.5853309631348,369.028274536133,3585.06547927856,4760.07843399048
"2026_07_27 EnrichedT Single Colors (27C)-Reference Group-CD279 BV750 (Cells).fcs","BV750","CD279","Cells","V14","CellsUnstained",-14.1231002807617,12.4389495849609,87.127685546875,141.612670898438,241.406616210938,398.266723632812,795.95068359375,439.3408203125,309.72998046875,94.123291015625,35.6815795898438,27.1776123046875,314.625122070312,2086.38372802734,1781.65303039551,1094.70640563965,625.294738769531,607.825134277344,661.915710449219,323.892883300781,197.891845703125,127.498657226562,115.400146484375,51.399169921875,38.26953125,26.968017578125,3.53863525390625,77.6857604980469,1637.65325927734,9039.09173583984,8504.23364257812,3514.79220581055,-106.645812988281,-117.432922363281,-97.5338745117188,-57.1895446777344,-24.4421081542969,-30.7886657714844,-2.43276977539062,-12.6905364990234,-8.58854675292969,46.1348571777344,256.416831970215,493.208541870117,316.954704284668,326.554779052734,-6.14995193481445,-11.7303352355957,6.46445083618164,87.0843353271484,567.448322296143,870.827590942383,762.969165802002,382.077579498291
"2026_07_27 EnrichedT Single Colors (27C)-Reference Group-CD3 Spark Blue 550 (Cells).fcs","Spark Blue 550","CD3","Cells","B3","CellsUnstained",4.70780181884766,16.809814453125,53.2737426757812,99.4676513671875,178.677978515625,337.338989257812,1231.16650390625,3381.193359375,2588.5302734375,839.212951660156,319.980163574219,154.595230102539,118.921279907227,138.857421875,117.432754516602,78.7631072998047,35.4054870605469,58.444091796875,86.2234497070312,94.5813598632812,565.777099609375,6436.37927246094,25333.8247070312,15497.3010253906,9741.7392578125,8253.58032226562,3156.87420654297,1434.29019165039,1275.48468017578,1000.11627197266,811.3935546875,400.143524169922,2737.23876953125,27074.5397949219,87204.189453125,29780.6743164062,22665.0963439941,14271.5428771973,7561.31484985352,4763.83248901367,4659.60629272461,2678.92820739746,1714.44213104248,1464.58140563965,1147.75521087646,1274.86978149414,-3.96736526489258,-3.88897323608398,0.511913299560547,17.2593612670898,0.520854949951172,-0.462314605712891,-1.81354522705078,-0.261913299560547
"2026_07_27 EnrichedT Single Colors (27C)-Reference Group-CD319 PE-Dazzle594 (Cells).fcs","PE-Dazzle 594","CD319","Cells","B6","CellsUnstained",6.32602691650391,27.7359313964844,162.693908691406,268.08544921875,427.5234375,739.771118164062,1326.9169921875,786.58544921875,918.552490234375,1824.40850830078,622.658630371094,326.934799194336,184.34716796875,179.089263916016,125.698844909668,75.4436721801758,59.247802734375,171.756896972656,270.011596679688,253.441589355469,326.429138183594,265.377563476562,344.208984375,1346.87719726562,3091.46166992188,9848.45825195312,2784.01837158203,1342.80923461914,845.739562988281,578.818908691406,436.357482910156,185.086334228516,92.263916015625,9.9486083984375,123.014465332031,3466.29663085938,8448.59634399414,20680.5663146973,8832.70840454102,6474.11080932617,5735.01010131836,2477.15086364746,1322.24272918701,1131.98948669434,726.509819030762,672.674591064453,35.050350189209,35.1270141601562,34.2725982666016,39.8674201965332,17.262866973877,10.5856590270996,7.1867790222168,3.23618316650391
"2026_07_27 EnrichedT Single Colors (27C)-Reference Group-CD366 BV650 (Cells).fcs","BV650","CD366","Cells","V11","CellsUnstained",0.404300689697266,50.0926818847656,277.364807128906,381.075561523438,621.347717285156,989.382446289062,1712.49096679688,990.918334960938,688.150146484375,556.766296386719,1546.45446777344,721.389450073242,530.938873291016,430.059417724609,278.753784179688,181.729858398438,865.801330566406,943.61767578125,1051.95935058594,558.924987792969,455.495971679688,336.547058105469,380.493530273438,313.01171875,400.243347167969,2552.82922363281,8577.35906982422,3565.58950805664,2808.27679443359,1811.49322509766,1190.43933105469,514.704864501953,-45.5784912109375,-50.2198486328125,-35.1465454101562,32.008056640625,32.0388488769531,50.4199676513672,175.295684814453,99.6917877197266,84.7136840820312,63.5501174926758,32.5491485595703,24.4295883178711,39.1879501342773,13.8758544921875,1060.90542221069,920.139282226562,902.570941925049,635.513061523438,399.578845977783,246.90901184082,215.539661407471,97.0554466247559
"2026_07_27 EnrichedT Single Colors (27C)-Reference Group-CD4 BUV496 (Cells).fcs","BUV496","CD4","Cells","UV7","CellsUnstained",492.986251831055,2215.51812744141,1924.36340332031,1710.94921875,2415.45227050781,11286.5584716797,59800.6674804688,31384.72265625,15118.3771972656,3754.89849853516,932.851501464844,371.357925415039,252.717178344727,226.869552612305,154.130035400391,112.774383544922,30.0841674804688,81.8226928710938,467.245178222656,3339.54339599609,12051.626953125,9148.96179199219,9565.00927734375,3905.04858398438,2110.46362304688,1618.23474121094,448.002746582031,168.574768066406,138.906890869141,111.890701293945,101.685348510742,60.7965698242188,4894.48974609375,3510.36401367188,2208.71887207031,492.296020507812,328.511505126953,194.835510253906,74.6975708007812,31.7248992919922,30.3219757080078,31.8638153076172,13.6874465942383,26.1432304382324,24.4829177856445,37.6996688842773,0.528785705566406,-0.478187561035156,-3.80810165405273,8.17078018188477,2.28035163879395,-1.84676933288574,-1.78130149841309,-2.28873443603516
"2026_07_27 EnrichedT Single Colors (27C)-Reference Group-CD45RA AF 700 (Cells).fcs","Alexa Fluor 700","CD45RA","Cells","R4","CellsUnstained",-2.31667709350586,54.7152404785156,234.405700683594,326.911254882812,509.692810058594,835.558959960938,1406.2353515625,776.783935546875,506.366149902344,168.314971923828,82.2686004638672,795.183700561523,3873.08520507812,3791.10101318359,2215.83479309082,1569.22587585449,59.3844299316406,152.451782226562,214.927673339844,191.728454589844,227.448059082031,157.178100585938,191.776489257812,91.410888671875,51.8115234375,36.7706909179688,161.291687011719,3703.43801879883,18271.5264282227,13406.2387084961,7693.98754882812,3776.82150268555,140.64599609375,127.671691894531,79.3505859375,16.8130493164062,15.2676696777344,17.8206787109375,40.8187713623047,133.853637695312,1170.77780151367,2396.04344177246,1941.38365936279,1101.41514587402,805.803642272949,881.763885498047,319.224117279053,4380.11264038086,32397.0240058899,87398.3041687012,89363.5403022766,41700.8235626221,42620.9058113098,23267.6150550842
"2026_07_27 EnrichedT Single Colors (27C)-Reference Group-CD45RO BV570 (Cells).fcs","BV570","CD45RO","Cells","V8","CellsUnstained",-1.50807571411133,2.98334503173828,819.248840332031,501.538452148438,561.762268066406,342.468383789062,110.838500976562,2167.529296875,41861.6184082031,14355.928527832,4478.44812011719,2073.01222229004,1248.25268554688,1128.75177001953,749.595840454102,453.113021850586,20954.650390625,19179.8867797852,19037.5481567383,7360.33074951172,3219.19384765625,2090.21008300781,7408.32861328125,174291.158447266,88232.6220703125,94573.5598144531,27559.7272338867,11799.6219787598,7570.26959228516,5073.15789794922,3454.06616210938,1465.29379272461,118.336059570312,177.164733886719,935.022094726562,17527.3364257812,10769.0079650879,8149.10830688477,3745.16958618164,2310.25680541992,2090.80319213867,987.554000854492,539.606437683105,423.532638549805,295.412101745605,295.756698608398,5.78690338134766,6.37518692016602,7.48779487609863,16.4726257324219,7.7196044921875,-3.43062973022461,1.94202995300293,6.43964576721191
"2026_07_27 EnrichedT Single Colors (27C)-Reference Group-CD56 Pacific Blue (Cells).fcs","Pacific Blue","CD56","Cells","V3","CellsUnstained",1.5447883605957,32.652702331543,228.700378417969,432.273681640625,746.345458984375,1150.06945800781,1674.63623046875,881.333618164062,588.478942871094,204.424072265625,68.4348602294922,43.4610977172852,31.8903198242188,38.0862274169922,62.2001953125,23.3080291748047,864.33447265625,5546.62481689453,9754.32696533203,6333.69769287109,3485.87377929688,2022.14074707031,1777.25256347656,739.185913085938,447.0595703125,388.482360839844,172.220306396484,91.5854034423828,96.797119140625,85.9674377441406,82.6150512695312,51.6819915771484,-39.7521362304688,-75.4559936523438,-51.9655151367188,-6.142333984375,4.70059204101562,18.0740661621094,57.2747955322266,17.2784042358398,15.2549362182617,13.777099609375,8.96201705932617,25.1375694274902,14.0793228149414,20.1526260375977,-0.231159210205078,5.29181671142578,1.98417091369629,19.6220588684082,6.64464569091797,11.6407623291016,14.4381484985352,0.294151306152344
"2026_07_27 EnrichedT Single Colors (27C)-Reference Group-CD57 FITC (Cells).fcs","FITC","CD57","Cells","B2","CellsUnstained",-3.93536758422852,37.4013519287109,135.792297363281,219.892761230469,372.654907226562,651.580200195312,4444.37622070312,3303.74145507812,1824.45690917969,500.648132324219,152.245040893555,77.1436309814453,63.8579406738281,63.9886474609375,75.9526672363281,57.7669982910156,89.0600433349609,183.445648193359,297.921508789062,335.299499511719,3288.58251953125,5541.48449707031,6073.43212890625,2810.7939453125,1545.99438476562,1319.50305175781,482.453857421875,236.784454345703,237.598785400391,189.558410644531,200.506774902344,117.667251586914,100597.436035156,150485.528076172,98333.353515625,20659.5834960938,12669.0016174316,7143.23306274414,2362.08840942383,1243.5461730957,1082.67294311523,571.74006652832,331.301338195801,250.403060913086,189.723930358887,216.870635986328,-6.44807243347168,8.06472969055176,3.84036636352539,21.0655784606934,18.0769157409668,11.9706382751465,8.41699600219727,11.3758335113525
"2026_07_27 EnrichedT Single Colors (27C)-Reference Group-CD62L BUV395 (Cells).fcs","BUV395","CD62L","Cells","UV2","CellsUnstained",4733.38511657715,19246.9033813477,9689.52453613281,7244.86608886719,6648.59106445312,6704.86755371094,4552.06689453125,1674.9912109375,718.744262695312,183.950408935547,61.2675018310547,32.7209243774414,29.5196075439453,31.7644119262695,20.5354537963867,30.3563461303711,78.2131805419922,115.649536132812,118.522705078125,87.8204345703125,72.638427734375,43.9276733398438,62.43115234375,42.02197265625,23.2503662109375,20.5973510742188,14.2931823730469,18.6727294921875,4.23861694335938,19.1945190429688,19.4745025634766,5.46162414550781,33.8889770507812,32.78955078125,33.2066650390625,3.23342895507812,11.0559997558594,17.0237884521484,9.98121643066406,4.80378723144531,8.39932250976562,-1.09497833251953,7.79964447021484,12.2894897460938,9.70515060424805,8.51615142822266,12.8631248474121,8.0324878692627,8.32065963745117,10.8940658569336,2.18213272094727,3.56159973144531,-0.582853317260742,3.95544815063477
"2026_07_27 EnrichedT Single Colors (27C)-Reference Group-CD69 RB705 (Cells).fcs","RB705","CD69","Cells","B10","CellsUnstained",-8.42232513427734,23.1970291137695,101.333740234375,143.654449462891,223.654113769531,402.046508789062,742.85400390625,432.422241210938,319.24462890625,106.082092285156,117.17951965332,991.891128540039,2085.21337890625,1673.64373779297,1510.09089660645,995.058944702148,50.1750640869141,92.129638671875,140.254150390625,104.393249511719,131.857116699219,115.410400390625,154.95751953125,118.732421875,73.2322387695312,76.58544921875,187.625,2170.97830200195,4804.24029541016,2641.58758544922,2384.78674316406,1125.09292602539,349.475036621094,741.956970214844,567.812866210938,238.029602050781,151.582977294922,108.012664794922,648.378387451172,6395.8571472168,36894.1111755371,39743.7724456787,20428.8515548706,15578.7453460693,14869.9453964233,14612.4750061035,80.4507637023926,1077.99032592773,5491.64973831177,7571.7467956543,4623.91334915161,2973.13484191895,3906.7572517395,1981.58404922485
"2026_07_27 EnrichedT Single Colors (27C)-Reference Group-CD8 BV510 (Cells).fcs","BV510","CD8","Cells","V7","CellsUnstained",21.8835868835449,30.7619323730469,205.388397216797,882.7685546875,4397.5146484375,18643.6654052734,101689.247558594,84398.748046875,68900.8488769531,24624.826965332,8847.61608886719,4118.00001525879,2968.44274902344,2872.62799072266,2032.12471008301,1384.5873260498,370.053619384766,4434.04791259766,23365.4485473633,56639.1862182617,153110.025878906,155884.73815918,215399.852050781,147028.580322266,92797.6025390625,86208.0715332031,30174.7467651367,13023.1864318848,10016.3770141602,7205.73944091797,5296.49780273438,2460.56661987305,526.590576171875,472.996459960938,433.550598144531,184.934539794922,143.949798583984,107.432861328125,74.6617431640625,44.6298751831055,46.707275390625,30.2030563354492,24.299430847168,25.6957168579102,17.792236328125,29.8802032470703,5.42329788208008,-0.191474914550781,0.064483642578125,18.3754768371582,-1.82347869873047,9.72798538208008,1.32692909240723,-5.19750595092773
"2026_07_27 EnrichedT Single Colors (27C)-Reference Group-Unstained (Cells).fcs","Unstained","Unstained","Cells","V7","CellsUnstained",0,-0.084381103515625,-0.1513671875,-0.15374755859375,-0.30712890625,-0.307861328125,-0.767822265625,-0.307861328125,-0.38623046875,-0.154296875,-0.07745361328125,0,0,-0.076416015625,-0.0744171142578125,-0.0744171142578125,-0.068511962890625,-0.07080078125,-0.140380859375,-0.13848876953125,-0.2825927734375,-0.27880859375,-0.355712890625,-0.422607421875,-0.281005859375,-0.424560546875,-0.27838134765625,-0.069549560546875,-0.068572998046875,-0.137115478515625,-0.134185791015625,0,-0.221435546875,-0.291259765625,-0.286865234375,-0.14337158203125,-0.300445556640625,-0.072509765625,-0.143157958984375,-0.143890380859375,-0.150863647460938,-0.070465087890625,-0.0744094848632812,-0.0744094848632812,0,0,-0.0654792785644531,0,0,0,0,-0.0664710998535156,-0.129962921142578,-0.0654792785644531
"2026_07_27 EnrichedT Single Colors (27C)-Reference Group-Viability 7-AAD (Cells).fcs","7-AAD","Viability","Cells","B7","CellsUnstained",-28.852954864502,-107.21785736084,-417.348442077637,-544.951690673828,-826.813873291016,-1293.15728759766,-1907.849609375,-1079.20379638672,-361.468383789062,1552.52325439453,4300.51062011719,2733.08985900879,2329.83471679688,2437.94427490234,1747.39888000488,1191.09410095215,-91.8310699462891,-249.107696533203,-315.060363769531,-248.788452148438,-296.919555664062,-220.68115234375,-220.569213867188,1438.51220703125,4777.9892578125,23024.6008300781,44328.4674682617,28160.0213928223,26105.0020141602,20226.1005249023,15710.6525878906,7284.60250854492,-141.59375,-139.429077148438,-38.7891845703125,2739.47900390625,8598.25064086914,25129.3456115723,87234.7987365723,75625.0668640137,79070.3006286621,50089.0888519287,32177.8144454956,27884.1042327881,20545.1739120483,22099.1219787598,2379.58718490601,2974.67684936523,3375.54793167114,2591.59298706055,2000.07448196411,1452.05867004395,1461.28630447388,809.85608291626
